{
    "metrics": {
        "data_received": {
            "count": 8902,
            "rate": 8487.605397857695
        },
        "http_req_connecting": {
            "avg": 3.9889,
            "min": 3.9889,
            "med": 3.9889,
            "max": 3.9889,
            "p(90)": 3.9889,
            "p(95)": 3.9889
        },
        "data_sent": {
            "count": 1842,
            "rate": 1756.2535545780584
        },
        "http_req_tls_handshaking": {
            "p(95)": 6.4670000000000005,
            "avg": 5.9108,
            "min": 5.2928,
            "med": 5.9108,
            "max": 6.5288,
            "p(90)": 6.405200000000001
        },
        "http_req_duration{expected_response:true}": {
            "min": 20.3581,
            "med": 21.00205,
            "max": 21.646,
            "p(90)": 21.517210000000002,
            "p(95)": 21.581605,
            "avg": 21.00205
        },
        "http_req_duration": {
            "avg": 21.00205,
            "min": 20.3581,
            "med": 21.00205,
            "max": 21.646,
            "p(90)": 21.517210000000002,
            "p(95)": 21.581605
        },
        "iterations": {
            "count": 2,
            "rate": 1.9068985391727018
        },
        "iteration_duration": {
            "avg": 1045.78105,
            "min": 1042.7386,
            "med": 1045.78105,
            "max": 1048.8235,
            "p(90)": 1048.21501,
            "p(95)": 1048.519255
        },
        "http_req_failed": {
            "fails": 2,
            "passes": 0,
            "value": 0
        },
        "http_req_receiving": {
            "max": 1.0436,
            "p(90)": 0.9392400000000001,
            "p(95)": 0.9914200000000001,
            "avg": 0.5218,
            "min": 0,
            "med": 0.5218
        },
        "vus_max": {
            "min": 2,
            "max": 2,
            "value": 2
        },
        "vus": {
            "value": 2,
            "min": 2,
            "max": 2
        },
        "checks": {
            "passes": 2,
            "fails": 22,
            "value": 0.08333333333333333
        },
        "http_reqs": {
            "count": 2,
            "rate": 1.9068985391727018
        },
        "http_req_blocked": {
            "max": 18.6564,
            "p(90)": 18.51948,
            "p(95)": 18.58794,
            "avg": 17.9718,
            "min": 17.2872,
            "med": 17.9718
        },
        "http_req_waiting": {
            "avg": 20.15805,
            "min": 18.8033,
            "med": 20.15805,
            "max": 21.5128,
            "p(90)": 21.24185,
            "p(95)": 21.377325
        },
        "http_req_sending": {
            "max": 0.5112,
            "p(90)": 0.47340000000000004,
            "p(95)": 0.49229999999999996,
            "avg": 0.3222,
            "min": 0.1332,
            "med": 0.32220000000000004
        }
    },
    "root_group": {
        "name": "",
        "path": "",
        "id": "d41d8cd98f00b204e9800998ecf8427e",
        "groups": {},
        "checks": {
                "200 OK": {
                    "path": "::200 OK",
                    "id": "e9654c443eff553da9e69eda7007924e",
                    "passes": 2,
                    "fails": 0,
                    "name": "200 OK"
                },
                "201 Created": {
                    "fails": 2,
                    "name": "201 Created",
                    "path": "::201 Created",
                    "id": "728dcd977aae263ca314731145e1d447",
                    "passes": 0
                },
                "204 No Content": {
                    "fails": 2,
                    "name": "204 No Content",
                    "path": "::204 No Content",
                    "id": "54fa3c2eda34e1622fda2da5e0479fc5",
                    "passes": 0
                },
                "400 Bad Request": {
                    "name": "400 Bad Request",
                    "path": "::400 Bad Request",
                    "id": "eeae81934b9b58bccaf0184a6d070338",
                    "passes": 0,
                    "fails": 2
                },
                "401 Unauthorized": {
                    "name": "401 Unauthorized",
                    "path": "::401 Unauthorized",
                    "id": "6ae9254e6aefe7f0bafe5102fa7e20a5",
                    "passes": 0,
                    "fails": 2
                },
                "403 Forbidden": {
                    "path": "::403 Forbidden",
                    "id": "655548b761742c5a7ad15aa7df3a5d9c",
                    "passes": 0,
                    "fails": 2,
                    "name": "403 Forbidden"
                },
                "404 Not Found": {
                    "id": "df1528f9925ca236bac51008f77b774a",
                    "passes": 0,
                    "fails": 2,
                    "name": "404 Not Found",
                    "path": "::404 Not Found"
                },
                "429 Too Many Requests": {
                    "name": "429 Too Many Requests",
                    "path": "::429 Too Many Requests",
                    "id": "b810c35b9499cc7342fd415032e3a6aa",
                    "passes": 0,
                    "fails": 2
                },
                "500 Internal Server Error": {
                    "id": "3cd96245b24e869810efe46d533b0eef",
                    "passes": 0,
                    "fails": 2,
                    "name": "500 Internal Server Error",
                    "path": "::500 Internal Server Error"
                },
                "502 Bad Gateway": {
                    "path": "::502 Bad Gateway",
                    "id": "712cb0ec189a11f31f0d6d0c0031b569",
                    "passes": 0,
                    "fails": 2,
                    "name": "502 Bad Gateway"
                },
                "503 Service Unavailable": {
                    "path": "::503 Service Unavailable",
                    "id": "f1ea1a22be0dc738c385523a66ea1cd9",
                    "passes": 0,
                    "fails": 2,
                    "name": "503 Service Unavailable"
                },
                "504 Gateway Timeout": {
                    "name": "504 Gateway Timeout",
                    "path": "::504 Gateway Timeout",
                    "id": "218efb729cb654723ccd57c6ebbebe29",
                    "passes": 0,
                    "fails": 2
                }
            }
    }
}