{
    "metrics": {
        "iterations": {
            "count": 2,
            "rate": 1.9446346945387267
        },
        "data_sent": {
            "count": 1272,
            "rate": 1236.7876657266302
        },
        "http_reqs": {
            "count": 2,
            "rate": 1.9446346945387267
        },
        "vus_max": {
            "value": 2,
            "min": 2,
            "max": 2
        },
        "http_req_duration": {
            "p(90)": 7.29938,
            "p(95)": 7.31404,
            "avg": 7.1821,
            "min": 7.0355,
            "med": 7.1821,
            "max": 7.3287
        },
        "http_req_blocked": {
            "max": 20.5176,
            "p(90)": 20.466610000000003,
            "p(95)": 20.492105000000002,
            "avg": 20.26265,
            "min": 20.0077,
            "med": 20.26265
        },
        "http_req_connecting": {
            "p(90)": 4.74484,
            "p(95)": 4.78647,
            "avg": 4.4117999999999995,
            "min": 3.9955,
            "med": 4.4117999999999995,
            "max": 4.8281
        },
        "http_req_waiting": {
            "avg": 6.38995,
            "min": 5.7444,
            "med": 6.38995,
            "max": 7.0355,
            "p(90)": 6.90639,
            "p(95)": 6.9709449999999995
        },
        "http_req_failed": {
            "passes": 2,
            "fails": 0,
            "value": 1
        },
        "checks": {
            "passes": 2,
            "fails": 22,
            "value": 0.08333333333333333
        },
        "iteration_duration": {
            "max": 1028.4708,
            "p(90)": 1028.4708,
            "p(95)": 1028.4708,
            "avg": 1028.4708,
            "min": 1028.4708,
            "med": 1028.4708
        },
        "http_req_tls_handshaking": {
            "med": 6.7019,
            "max": 7.5204,
            "p(90)": 7.3567,
            "p(95)": 7.43855,
            "avg": 6.7019,
            "min": 5.8834
        },
        "http_req_receiving": {
            "avg": 0.38995,
            "min": 0,
            "med": 0.38995,
            "max": 0.7799,
            "p(90)": 0.70191,
            "p(95)": 0.740905
        },
        "vus": {
            "min": 2,
            "max": 2,
            "value": 2
        },
        "http_req_sending": {
            "avg": 0.4022,
            "min": 0,
            "med": 0.4022,
            "max": 0.8044,
            "p(90)": 0.72396,
            "p(95)": 0.76418
        },
        "data_received": {
            "count": 7384,
            "rate": 7179.591292236979
        }
    },
    "root_group": {
        "id": "d41d8cd98f00b204e9800998ecf8427e",
        "groups": {},
        "checks": {
                "200 OK": {
                    "name": "200 OK",
                    "path": "::200 OK",
                    "id": "e9654c443eff553da9e69eda7007924e",
                    "passes": 0,
                    "fails": 2
                },
                "201 Created": {
                    "id": "728dcd977aae263ca314731145e1d447",
                    "passes": 0,
                    "fails": 2,
                    "name": "201 Created",
                    "path": "::201 Created"
                },
                "204 No Content": {
                    "name": "204 No Content",
                    "path": "::204 No Content",
                    "id": "54fa3c2eda34e1622fda2da5e0479fc5",
                    "passes": 0,
                    "fails": 2
                },
                "400 Bad Request": {
                    "passes": 0,
                    "fails": 2,
                    "name": "400 Bad Request",
                    "path": "::400 Bad Request",
                    "id": "eeae81934b9b58bccaf0184a6d070338"
                },
                "401 Unauthorized": {
                    "path": "::401 Unauthorized",
                    "id": "6ae9254e6aefe7f0bafe5102fa7e20a5",
                    "passes": 2,
                    "fails": 0,
                    "name": "401 Unauthorized"
                },
                "403 Forbidden": {
                    "passes": 0,
                    "fails": 2,
                    "name": "403 Forbidden",
                    "path": "::403 Forbidden",
                    "id": "655548b761742c5a7ad15aa7df3a5d9c"
                },
                "404 Not Found": {
                    "name": "404 Not Found",
                    "path": "::404 Not Found",
                    "id": "df1528f9925ca236bac51008f77b774a",
                    "passes": 0,
                    "fails": 2
                },
                "429 Too Many Requests": {
                    "name": "429 Too Many Requests",
                    "path": "::429 Too Many Requests",
                    "id": "b810c35b9499cc7342fd415032e3a6aa",
                    "passes": 0,
                    "fails": 2
                },
                "500 Internal Server Error": {
                    "name": "500 Internal Server Error",
                    "path": "::500 Internal Server Error",
                    "id": "3cd96245b24e869810efe46d533b0eef",
                    "passes": 0,
                    "fails": 2
                },
                "502 Bad Gateway": {
                    "passes": 0,
                    "fails": 2,
                    "name": "502 Bad Gateway",
                    "path": "::502 Bad Gateway",
                    "id": "712cb0ec189a11f31f0d6d0c0031b569"
                },
                "503 Service Unavailable": {
                    "passes": 0,
                    "fails": 2,
                    "name": "503 Service Unavailable",
                    "path": "::503 Service Unavailable",
                    "id": "f1ea1a22be0dc738c385523a66ea1cd9"
                },
                "504 Gateway Timeout": {
                    "fails": 2,
                    "name": "504 Gateway Timeout",
                    "path": "::504 Gateway Timeout",
                    "id": "218efb729cb654723ccd57c6ebbebe29",
                    "passes": 0
                }
            },
        "name": "",
        "path": ""
    }
}