{
    "metrics": {
        "http_req_waiting": {
            "p(95)": 181.681215,
            "avg": 175.81335,
            "min": 169.2935,
            "med": 175.81335,
            "max": 182.3332,
            "p(90)": 181.02923
        },
        "http_req_blocked": {
            "avg": 41.025999999999996,
            "min": 40.7576,
            "med": 41.025999999999996,
            "max": 41.2944,
            "p(90)": 41.24072,
            "p(95)": 41.26756
        },
        "iteration_duration": {
            "p(95)": 1223.15912,
            "avg": 1217.8222999999998,
            "min": 1211.8925,
            "med": 1217.8222999999998,
            "max": 1223.7521,
            "p(90)": 1222.56614
        },
        "checks": {
            "passes": 2,
            "fails": 22,
            "value": 0.08333333333333333
        },
        "http_req_failed": {
            "passes": 0,
            "fails": 2,
            "value": 0
        },
        "http_req_duration{expected_response:true}": {
            "p(90)": 181.43903,
            "p(95)": 182.091215,
            "avg": 176.22155,
            "min": 169.6997,
            "med": 176.22155,
            "max": 182.7434
        },
        "data_received": {
            "count": 7326,
            "rate": 5986.506580867154
        },
        "http_req_duration": {
            "avg": 176.22155,
            "min": 169.6997,
            "med": 176.22155,
            "max": 182.7434,
            "p(90)": 181.43903,
            "p(95)": 182.091215
        },
        "http_req_tls_handshaking": {
            "p(95)": 7.307165,
            "avg": 6.74615,
            "min": 6.1228,
            "med": 6.74615,
            "max": 7.3695,
            "p(90)": 7.24483
        },
        "iterations": {
            "rate": 1.634317930894664,
            "count": 2
        },
        "http_req_receiving": {
            "avg": 0.4082,
            "min": 0.4062,
            "med": 0.4082,
            "max": 0.4102,
            "p(90)": 0.4098,
            "p(95)": 0.41000000000000003
        },
        "http_req_sending": {
            "avg": 0,
            "min": 0,
            "med": 0,
            "max": 0,
            "p(90)": 0,
            "p(95)": 0
        },
        "http_reqs": {
            "count": 2,
            "rate": 1.634317930894664
        },
        "vus": {
            "value": 2,
            "min": 2,
            "max": 2
        },
        "http_req_connecting": {
            "p(95)": 3.601005,
            "avg": 3.28155,
            "min": 2.9266,
            "med": 3.28155,
            "max": 3.6365,
            "p(90)": 3.5655099999999997
        },
        "vus_max": {
            "value": 2,
            "min": 2,
            "max": 2
        },
        "data_sent": {
            "count": 1867,
            "rate": 1525.6357884901688
        }
    },
    "root_group": {
        "name": "",
        "path": "",
        "id": "d41d8cd98f00b204e9800998ecf8427e",
        "groups": {},
        "checks": {
                "200 OK": {
                    "name": "200 OK",
                    "path": "::200 OK",
                    "id": "e9654c443eff553da9e69eda7007924e",
                    "passes": 0,
                    "fails": 2
                },
                "201 Created": {
                    "name": "201 Created",
                    "path": "::201 Created",
                    "id": "728dcd977aae263ca314731145e1d447",
                    "passes": 2,
                    "fails": 0
                },
                "204 No Content": {
                    "fails": 2,
                    "name": "204 No Content",
                    "path": "::204 No Content",
                    "id": "54fa3c2eda34e1622fda2da5e0479fc5",
                    "passes": 0
                },
                "400 Bad Request": {
                    "passes": 0,
                    "fails": 2,
                    "name": "400 Bad Request",
                    "path": "::400 Bad Request",
                    "id": "eeae81934b9b58bccaf0184a6d070338"
                },
                "401 Unauthorized": {
                    "fails": 2,
                    "name": "401 Unauthorized",
                    "path": "::401 Unauthorized",
                    "id": "6ae9254e6aefe7f0bafe5102fa7e20a5",
                    "passes": 0
                },
                "403 Forbidden": {
                    "name": "403 Forbidden",
                    "path": "::403 Forbidden",
                    "id": "655548b761742c5a7ad15aa7df3a5d9c",
                    "passes": 0,
                    "fails": 2
                },
                "404 Not Found": {
                    "id": "df1528f9925ca236bac51008f77b774a",
                    "passes": 0,
                    "fails": 2,
                    "name": "404 Not Found",
                    "path": "::404 Not Found"
                },
                "429 Too Many Requests": {
                    "passes": 0,
                    "fails": 2,
                    "name": "429 Too Many Requests",
                    "path": "::429 Too Many Requests",
                    "id": "b810c35b9499cc7342fd415032e3a6aa"
                },
                "500 Internal Server Error": {
                    "name": "500 Internal Server Error",
                    "path": "::500 Internal Server Error",
                    "id": "3cd96245b24e869810efe46d533b0eef",
                    "passes": 0,
                    "fails": 2
                },
                "502 Bad Gateway": {
                    "name": "502 Bad Gateway",
                    "path": "::502 Bad Gateway",
                    "id": "712cb0ec189a11f31f0d6d0c0031b569",
                    "passes": 0,
                    "fails": 2
                },
                "503 Service Unavailable": {
                    "path": "::503 Service Unavailable",
                    "id": "f1ea1a22be0dc738c385523a66ea1cd9",
                    "passes": 0,
                    "fails": 2,
                    "name": "503 Service Unavailable"
                },
                "504 Gateway Timeout": {
                    "name": "504 Gateway Timeout",
                    "path": "::504 Gateway Timeout",
                    "id": "218efb729cb654723ccd57c6ebbebe29",
                    "passes": 0,
                    "fails": 2
                }
            }
    }
}