{
    "metrics": {
        "http_reqs": {
            "count": 5,
            "rate": 3.4180835762451394
        },
        "checks": {
            "passes": 5,
            "fails": 55,
            "value": 0.08333333333333333
        },
        "data_received": {
            "count": 18359,
            "rate": 12550.519275256902
        },
        "http_req_blocked": {
            "p(95)": 20.1744,
            "avg": 19.73312,
            "min": 18.9854,
            "med": 19.6657,
            "max": 20.1744,
            "p(90)": 20.1744
        },
        "vus_max": {
            "value": 5,
            "min": 5,
            "max": 5
        },
        "http_req_sending": {
            "avg": 0.2378,
            "min": 0,
            "med": 0,
            "max": 0.6803,
            "p(90)": 0.6116600000000001,
            "p(95)": 0.64598
        },
        "iterations": {
            "count": 5,
            "rate": 3.4180835762451394
        },
        "http_req_duration": {
            "avg": 429.20178000000004,
            "min": 411.9823,
            "med": 437.4526,
            "max": 442.0349,
            "p(90)": 441.83142,
            "p(95)": 441.93316
        },
        "http_req_connecting": {
            "avg": 2.9978,
            "min": 2.9978,
            "med": 2.9978,
            "max": 2.9978,
            "p(90)": 2.9978,
            "p(95)": 2.9978
        },
        "http_req_failed": {
            "passes": 0,
            "fails": 5,
            "value": 0
        },
        "iteration_duration": {
            "avg": 1449.4484200000002,
            "min": 1431.9322,
            "med": 1458.2409,
            "max": 1461.8031,
            "p(90)": 1461.8031,
            "p(95)": 1461.8031
        },
        "http_req_duration{expected_response:true}": {
            "avg": 429.20178000000004,
            "min": 411.9823,
            "med": 437.4526,
            "max": 442.0349,
            "p(90)": 441.83142,
            "p(95)": 441.93316
        },
        "vus": {
            "value": 5,
            "min": 5,
            "max": 5
        },
        "data_sent": {
            "count": 4645,
            "rate": 3175.3996423317344
        },
        "http_req_receiving": {
            "p(90)": 0.77566,
            "p(95)": 0.9059799999999998,
            "avg": 0.34664,
            "min": 0,
            "med": 0.3122,
            "max": 1.0363
        },
        "http_req_waiting": {
            "p(95)": 441.72589999999997,
            "avg": 428.61734000000007,
            "min": 411.302,
            "med": 436.6317,
            "max": 442.0349,
            "p(90)": 441.4169
        },
        "http_req_tls_handshaking": {
            "p(90)": 7.6753,
            "p(95)": 7.6753,
            "avg": 7.44092,
            "min": 6.995,
            "med": 7.6753,
            "max": 7.6753
        }
    },
    "root_group": {
        "id": "d41d8cd98f00b204e9800998ecf8427e",
        "groups": {},
        "checks": {
                "200 OK": {
                    "path": "::200 OK",
                    "id": "e9654c443eff553da9e69eda7007924e",
                    "passes": 0,
                    "fails": 5,
                    "name": "200 OK"
                },
                "201 Created": {
                    "path": "::201 Created",
                    "id": "728dcd977aae263ca314731145e1d447",
                    "passes": 5,
                    "fails": 0,
                    "name": "201 Created"
                },
                "204 No Content": {
                    "name": "204 No Content",
                    "path": "::204 No Content",
                    "id": "54fa3c2eda34e1622fda2da5e0479fc5",
                    "passes": 0,
                    "fails": 5
                },
                "400 Bad Request": {
                    "id": "eeae81934b9b58bccaf0184a6d070338",
                    "passes": 0,
                    "fails": 5,
                    "name": "400 Bad Request",
                    "path": "::400 Bad Request"
                },
                "401 Unauthorized": {
                    "id": "6ae9254e6aefe7f0bafe5102fa7e20a5",
                    "passes": 0,
                    "fails": 5,
                    "name": "401 Unauthorized",
                    "path": "::401 Unauthorized"
                },
                "403 Forbidden": {
                    "passes": 0,
                    "fails": 5,
                    "name": "403 Forbidden",
                    "path": "::403 Forbidden",
                    "id": "655548b761742c5a7ad15aa7df3a5d9c"
                },
                "404 Not Found": {
                    "id": "df1528f9925ca236bac51008f77b774a",
                    "passes": 0,
                    "fails": 5,
                    "name": "404 Not Found",
                    "path": "::404 Not Found"
                },
                "429 Too Many Requests": {
                    "path": "::429 Too Many Requests",
                    "id": "b810c35b9499cc7342fd415032e3a6aa",
                    "passes": 0,
                    "fails": 5,
                    "name": "429 Too Many Requests"
                },
                "500 Internal Server Error": {
                    "passes": 0,
                    "fails": 5,
                    "name": "500 Internal Server Error",
                    "path": "::500 Internal Server Error",
                    "id": "3cd96245b24e869810efe46d533b0eef"
                },
                "502 Bad Gateway": {
                    "id": "712cb0ec189a11f31f0d6d0c0031b569",
                    "passes": 0,
                    "fails": 5,
                    "name": "502 Bad Gateway",
                    "path": "::502 Bad Gateway"
                },
                "503 Service Unavailable": {
                    "path": "::503 Service Unavailable",
                    "id": "f1ea1a22be0dc738c385523a66ea1cd9",
                    "passes": 0,
                    "fails": 5,
                    "name": "503 Service Unavailable"
                },
                "504 Gateway Timeout": {
                    "name": "504 Gateway Timeout",
                    "path": "::504 Gateway Timeout",
                    "id": "218efb729cb654723ccd57c6ebbebe29",
                    "passes": 0,
                    "fails": 5
                }
            },
        "name": "",
        "path": ""
    }
}