{
    "metrics": {
        "data_received": {
            "count": 18231,
            "rate": 17285.947845192015
        },
        "http_req_duration{expected_response:true}": {
            "max": 12.4584,
            "p(90)": 11.6492,
            "p(95)": 12.053799999999999,
            "avg": 9.57344,
            "min": 7.6823,
            "med": 9.3635
        },
        "http_req_tls_handshaking": {
            "avg": 7.10202,
            "min": 6.5057,
            "med": 7.2346,
            "max": 7.7821,
            "p(90)": 7.5763,
            "p(95)": 7.6792
        },
        "iterations": {
            "count": 5,
            "rate": 4.740811761612641
        },
        "vus": {
            "value": 5,
            "min": 5,
            "max": 5
        },
        "checks": {
            "passes": 5,
            "fails": 55,
            "value": 0.08333333333333333
        },
        "http_reqs": {
            "count": 5,
            "rate": 4.740811761612641
        },
        "http_req_receiving": {
            "p(90)": 0.82668,
            "p(95)": 0.82704,
            "avg": 0.33814,
            "min": 0,
            "med": 0.0377,
            "max": 0.8274
        },
        "http_req_blocked": {
            "avg": 41.670320000000004,
            "min": 40.855,
            "med": 41.6169,
            "max": 42.1314,
            "p(90)": 42.1314,
            "p(95)": 42.1314
        },
        "http_req_failed": {
            "passes": 0,
            "fails": 5,
            "value": 0
        },
        "vus_max": {
            "value": 5,
            "min": 5,
            "max": 5
        },
        "iteration_duration": {
            "p(95)": 1054.09948,
            "avg": 1051.63554,
            "min": 1048.9245,
            "med": 1052.0782,
            "max": 1054.6048,
            "p(90)": 1053.59416
        },
        "http_req_duration": {
            "min": 7.6823,
            "med": 9.3635,
            "max": 12.4584,
            "p(90)": 11.6492,
            "p(95)": 12.053799999999999,
            "avg": 9.57344
        },
        "http_req_waiting": {
            "min": 7.1002,
            "med": 8.5379,
            "max": 12.4584,
            "p(90)": 11.63412,
            "p(95)": 12.046259999999998,
            "avg": 9.235299999999999
        },
        "data_sent": {
            "count": 3160,
            "rate": 2996.1930333391897
        },
        "http_req_connecting": {
            "avg": 2.98186,
            "min": 2.865,
            "med": 2.865,
            "max": 3.4125,
            "p(90)": 3.2082200000000003,
            "p(95)": 3.31036
        },
        "http_req_sending": {
            "max": 0,
            "p(90)": 0,
            "p(95)": 0,
            "avg": 0,
            "min": 0,
            "med": 0
        }
    },
    "root_group": {
        "path": "",
        "id": "d41d8cd98f00b204e9800998ecf8427e",
        "groups": {},
        "checks": {
                "200 OK": {
                    "fails": 0,
                    "name": "200 OK",
                    "path": "::200 OK",
                    "id": "e9654c443eff553da9e69eda7007924e",
                    "passes": 5
                },
                "201 Created": {
                    "fails": 5,
                    "name": "201 Created",
                    "path": "::201 Created",
                    "id": "728dcd977aae263ca314731145e1d447",
                    "passes": 0
                },
                "204 No Content": {
                    "name": "204 No Content",
                    "path": "::204 No Content",
                    "id": "54fa3c2eda34e1622fda2da5e0479fc5",
                    "passes": 0,
                    "fails": 5
                },
                "400 Bad Request": {
                    "name": "400 Bad Request",
                    "path": "::400 Bad Request",
                    "id": "eeae81934b9b58bccaf0184a6d070338",
                    "passes": 0,
                    "fails": 5
                },
                "401 Unauthorized": {
                    "name": "401 Unauthorized",
                    "path": "::401 Unauthorized",
                    "id": "6ae9254e6aefe7f0bafe5102fa7e20a5",
                    "passes": 0,
                    "fails": 5
                },
                "403 Forbidden": {
                    "name": "403 Forbidden",
                    "path": "::403 Forbidden",
                    "id": "655548b761742c5a7ad15aa7df3a5d9c",
                    "passes": 0,
                    "fails": 5
                },
                "404 Not Found": {
                    "name": "404 Not Found",
                    "path": "::404 Not Found",
                    "id": "df1528f9925ca236bac51008f77b774a",
                    "passes": 0,
                    "fails": 5
                },
                "429 Too Many Requests": {
                    "name": "429 Too Many Requests",
                    "path": "::429 Too Many Requests",
                    "id": "b810c35b9499cc7342fd415032e3a6aa",
                    "passes": 0,
                    "fails": 5
                },
                "500 Internal Server Error": {
                    "id": "3cd96245b24e869810efe46d533b0eef",
                    "passes": 0,
                    "fails": 5,
                    "name": "500 Internal Server Error",
                    "path": "::500 Internal Server Error"
                },
                "502 Bad Gateway": {
                    "name": "502 Bad Gateway",
                    "path": "::502 Bad Gateway",
                    "id": "712cb0ec189a11f31f0d6d0c0031b569",
                    "passes": 0,
                    "fails": 5
                },
                "503 Service Unavailable": {
                    "name": "503 Service Unavailable",
                    "path": "::503 Service Unavailable",
                    "id": "f1ea1a22be0dc738c385523a66ea1cd9",
                    "passes": 0,
                    "fails": 5
                },
                "504 Gateway Timeout": {
                    "path": "::504 Gateway Timeout",
                    "id": "218efb729cb654723ccd57c6ebbebe29",
                    "passes": 0,
                    "fails": 5,
                    "name": "504 Gateway Timeout"
                }
            },
        "name": ""
    }
}