{
    "metrics": {
        "http_req_duration": {
            "avg": 7172.7991246,
            "min": 0,
            "med": 0,
            "max": 30040.0624,
            "p(90)": 18238.236840000034,
            "p(95)": 23188.94889
        },
        "iterations": {
            "rate": 15.962887537964615,
            "count": 500
        },
        "data_sent": {
            "count": 200610,
            "rate": 6404.629737982163
        },
        "http_req_waiting": {
            "p(90)": 18238.177090000034,
            "p(95)": 23188.086005,
            "avg": 7172.604202399999,
            "min": 0,
            "med": 0,
            "max": 30040.0624
        },
        "checks": {
            "passes": 210,
            "fails": 5790,
            "value": 0.035
        },
        "vus_max": {
            "value": 500,
            "min": 500,
            "max": 500
        },
        "data_received": {
            "count": 840632,
            "rate": 26837.82815362854
        },
        "http_req_blocked": {
            "max": 318.6607,
            "p(90)": 277.07969,
            "p(95)": 292.4017399999999,
            "avg": 102.96613919999996,
            "min": 0,
            "med": 0
        },
        "vus": {
            "value": 15,
            "min": 15,
            "max": 500
        },
        "http_req_tls_handshaking": {
            "med": 0,
            "max": 157.1753,
            "p(90)": 124.00894000000001,
            "p(95)": 142.79085999999998,
            "avg": 35.55094420000001,
            "min": 0
        },
        "http_reqs": {
            "count": 500,
            "rate": 15.962887537964615
        },
        "http_req_receiving": {
            "p(90)": 0.5252600000000001,
            "p(95)": 0.7208699999999992,
            "avg": 0.12192320000000002,
            "min": 0,
            "med": 0,
            "max": 1.0388
        },
        "http_req_connecting": {
            "p(95)": 152.171665,
            "avg": 146.05270640000018,
            "min": 140.7461,
            "med": 145.3956,
            "max": 156.6672,
            "p(90)": 150.16505
        },
        "http_req_failed": {
            "passes": 495,
            "fails": 5,
            "value": 0.99
        },
        "http_req_duration{expected_response:true}": {
            "avg": 27050.818300000003,
            "min": 24581.1608,
            "med": 27670.0136,
            "max": 27689.1896,
            "p(90)": 27684.62644,
            "p(95)": 27686.908020000003
        },
        "iteration_duration": {
            "avg": 8452.3282894,
            "min": 1146.1312,
            "med": 1423.2208,
            "max": 31315.2946,
            "p(90)": 19416.142750000035,
            "p(95)": 24358.280335
        },
        "http_req_sending": {
            "p(90)": 0.0309,
            "p(95)": 0.6320649999999953,
            "avg": 0.072999,
            "min": 0,
            "med": 0,
            "max": 2.4437
        }
    },
    "root_group": {
        "groups": {},
        "checks": {
                "200 OK": {
                    "id": "e9654c443eff553da9e69eda7007924e",
                    "passes": 5,
                    "fails": 495,
                    "name": "200 OK",
                    "path": "::200 OK"
                },
                "201 Created": {
                    "passes": 0,
                    "fails": 500,
                    "name": "201 Created",
                    "path": "::201 Created",
                    "id": "728dcd977aae263ca314731145e1d447"
                },
                "204 No Content": {
                    "name": "204 No Content",
                    "path": "::204 No Content",
                    "id": "54fa3c2eda34e1622fda2da5e0479fc5",
                    "passes": 0,
                    "fails": 500
                },
                "400 Bad Request": {
                    "name": "400 Bad Request",
                    "path": "::400 Bad Request",
                    "id": "eeae81934b9b58bccaf0184a6d070338",
                    "passes": 0,
                    "fails": 500
                },
                "401 Unauthorized": {
                    "id": "6ae9254e6aefe7f0bafe5102fa7e20a5",
                    "passes": 0,
                    "fails": 500,
                    "name": "401 Unauthorized",
                    "path": "::401 Unauthorized"
                },
                "403 Forbidden": {
                    "fails": 500,
                    "name": "403 Forbidden",
                    "path": "::403 Forbidden",
                    "id": "655548b761742c5a7ad15aa7df3a5d9c",
                    "passes": 0
                },
                "404 Not Found": {
                    "name": "404 Not Found",
                    "path": "::404 Not Found",
                    "id": "df1528f9925ca236bac51008f77b774a",
                    "passes": 0,
                    "fails": 500
                },
                "429 Too Many Requests": {
                    "path": "::429 Too Many Requests",
                    "id": "b810c35b9499cc7342fd415032e3a6aa",
                    "passes": 0,
                    "fails": 500,
                    "name": "429 Too Many Requests"
                },
                "500 Internal Server Error": {
                    "name": "500 Internal Server Error",
                    "path": "::500 Internal Server Error",
                    "id": "3cd96245b24e869810efe46d533b0eef",
                    "passes": 205,
                    "fails": 295
                },
                "502 Bad Gateway": {
                    "id": "712cb0ec189a11f31f0d6d0c0031b569",
                    "passes": 0,
                    "fails": 500,
                    "name": "502 Bad Gateway",
                    "path": "::502 Bad Gateway"
                },
                "503 Service Unavailable": {
                    "path": "::503 Service Unavailable",
                    "id": "f1ea1a22be0dc738c385523a66ea1cd9",
                    "passes": 0,
                    "fails": 500,
                    "name": "503 Service Unavailable"
                },
                "504 Gateway Timeout": {
                    "name": "504 Gateway Timeout",
                    "path": "::504 Gateway Timeout",
                    "id": "218efb729cb654723ccd57c6ebbebe29",
                    "passes": 0,
                    "fails": 500
                }
            },
        "name": "",
        "path": "",
        "id": "d41d8cd98f00b204e9800998ecf8427e"
    }
}