{
    "metrics": {
        "http_req_failed": {
            "passes": 0,
            "fails": 700,
            "value": 0
        },
        "checks": {
            "fails": 7700,
            "passes": 700,
            "value": 0.08333333333333333
        },
        "http_req_duration": {
            "avg": 12813.548132000004,
            "min": 3598.9202,
            "med": 14098.8681,
            "max": 17745.7616,
            "p(90)": 17124.221970000002,
            "p(95)": 17335.537705
        },
        "data_sent": {
            "count": 627900,
            "rate": 32852.28188842137
        },
        "iterations": {
            "rate": 36.624617489878894,
            "count": 700
        },
        "http_req_waiting": {
            "avg": 12813.028633714284,
            "min": 3598.3705,
            "med": 14097.73615,
            "max": 17745.3135,
            "p(90)": 17123.45689,
            "p(95)": 17335.494285
        },
        "vus": {
            "value": 38,
            "min": 38,
            "max": 700
        },
        "data_received": {
            "count": 4462786,
            "rate": 233496.90027026666
        },
        "http_req_tls_handshaking": {
            "p(95)": 439.568575,
            "avg": 197.61698514285723,
            "min": 8.3853,
            "med": 192.52005,
            "max": 479.0288,
            "p(90)": 374.1813900000007
        },
        "http_reqs": {
            "count": 700,
            "rate": 36.624617489878894
        },
        "http_req_sending": {
            "avg": 0.1215664285714286,
            "min": 0,
            "med": 0,
            "max": 4.5877,
            "p(90)": 0.5476099999999999,
            "p(95)": 0.56356
        },
        "iteration_duration": {
            "min": 4757.697,
            "med": 15446.052950000001,
            "max": 19101.3492,
            "p(90)": 18556.70574,
            "p(95)": 18856.384275,
            "avg": 14086.880598571417
        },
        "http_req_connecting": {
            "p(95)": 27.3816,
            "avg": 20.25237342857143,
            "min": 4.0803,
            "med": 22.1447,
            "max": 30.1768,
            "p(90)": 26.4801
        },
        "http_req_blocked": {
            "avg": 272.46021957142864,
            "min": 80.4684,
            "med": 271.38155,
            "max": 547.3783,
            "p(90)": 454.7283400000007,
            "p(95)": 520.050375
        },
        "http_req_receiving": {
            "p(90)": 0.9561499999999999,
            "p(95)": 1.01697,
            "avg": 0.39793185714285756,
            "min": 0,
            "med": 0.35035,
            "max": 1.2958
        },
        "http_req_duration{expected_response:true}": {
            "med": 14098.8681,
            "max": 17745.7616,
            "p(90)": 17124.221970000002,
            "p(95)": 17335.537705,
            "avg": 12813.548132000004,
            "min": 3598.9202
        },
        "vus_max": {
            "value": 700,
            "min": 700,
            "max": 700
        }
    },
    "root_group": {
        "checks": {
            "200 OK": {
                "name": "200 OK",
                "path": "::200 OK",
                "id": "e9654c443eff553da9e69eda7007924e",
                "passes": 700,
                "fails": 0
            },
            "201 Created": {
                "name": "201 Created",
                "path": "::201 Created",
                "id": "728dcd977aae263ca314731145e1d447",
                "passes": 0,
                "fails": 700
            },
            "204 No Content": {
                "name": "204 No Content",
                "path": "::204 No Content",
                "id": "54fa3c2eda34e1622fda2da5e0479fc5",
                "passes": 0,
                "fails": 700
            },
            "400 Bad Request": {
                "name": "400 Bad Request",
                "path": "::400 Bad Request",
                "id": "eeae81934b9b58bccaf0184a6d070338",
                "passes": 0,
                "fails": 700
            },
            "401 Unauthorized": {
                "name": "401 Unauthorized",
                "path": "::401 Unauthorized",
                "id": "6ae9254e6aefe7f0bafe5102fa7e20a5",
                "passes": 0,
                "fails": 700
            },
            "403 Forbidden": {
                "name": "403 Forbidden",
                "path": "::403 Forbidden",
                "id": "655548b761742c5a7ad15aa7df3a5d9c",
                "passes": 0,
                "fails": 700
            },
            "404 Not Found": {
                "id": "df1528f9925ca236bac51008f77b774a",
                "passes": 0,
                "fails": 700,
                "name": "404 Not Found",
                "path": "::404 Not Found"
            },
            "429 Too Many Requests": {
                "name": "429 Too Many Requests",
                "path": "::429 Too Many Requests",
                "id": "b810c35b9499cc7342fd415032e3a6aa",
                "passes": 0,
                "fails": 700
            },
            "500 Internal Server Error": {
                "name": "500 Internal Server Error",
                "path": "::500 Internal Server Error",
                "id": "3cd96245b24e869810efe46d533b0eef",
                "passes": 0,
                "fails": 700
            },
            "502 Bad Gateway": {
                "name": "502 Bad Gateway",
                "path": "::502 Bad Gateway",
                "id": "712cb0ec189a11f31f0d6d0c0031b569",
                "passes": 0,
                "fails": 700
            },
            "503 Service Unavailable": {
                "name": "503 Service Unavailable",
                "path": "::503 Service Unavailable",
                "id": "f1ea1a22be0dc738c385523a66ea1cd9",
                "passes": 0,
                "fails": 700
            },
            "504 Gateway Timeout": {
                "fails": 700,
                "name": "504 Gateway Timeout",
                "path": "::504 Gateway Timeout",
                "id": "218efb729cb654723ccd57c6ebbebe29",
                "passes": 0
            }
        },
        "name": "",
        "path": "",
        "id": "d41d8cd98f00b204e9800998ecf8427e",
        "groups": {}
    }
}