{
    "metrics": {
        "checks": {
            "passes": 600,
            "fails": 6600,
            "value": 0.08333333333333333
        },
        "data_sent": {
            "count": 538200,
            "rate": 35088.09880339217
        },
        "http_req_failed": {
            "fails": 600,
            "passes": 0,
            "value": 0
        },
        "iteration_duration": {
            "avg": 11292.048081000003,
            "min": 3385.9832,
            "med": 12694.2629,
            "max": 15320.5437,
            "p(90)": 14891.99011,
            "p(95)": 15119.640205
        },
        "http_reqs": {
            "count": 600,
            "rate": 39.11716700489651
        },
        "http_req_blocked": {
            "avg": 214.9647071666667,
            "min": 40.0009,
            "med": 209.0816,
            "max": 442.5982,
            "p(90)": 357.92469000000006,
            "p(95)": 410.73801999999995
        },
        "http_req_waiting": {
            "max": 13882.8362,
            "p(90)": 13593.86526,
            "p(95)": 13725.630640000001,
            "avg": 10075.592746833336,
            "min": 2336.3238,
            "med": 11524.308700000001
        },
        "vus": {
            "max": 600,
            "value": 65,
            "min": 65
        },
        "http_req_sending": {
            "med": 0,
            "max": 2.5298,
            "p(90)": 0.5460100000000001,
            "p(95)": 0.5608699999999999,
            "avg": 0.12325716666666663,
            "min": 0
        },
        "iterations": {
            "count": 600,
            "rate": 39.11716700489651
        },
        "http_req_duration{expected_response:true}": {
            "max": 13883.0532,
            "p(90)": 13594.496640000001,
            "p(95)": 13725.83329,
            "avg": 10076.188828666664,
            "min": 2336.8937,
            "med": 11524.70105
        },
        "http_req_connecting": {
            "med": 11.9999,
            "max": 17.0011,
            "p(90)": 14.0033,
            "p(95)": 14.9997,
            "avg": 10.117178999999975,
            "min": 1.9952
        },
        "http_req_tls_handshaking": {
            "avg": 176.4176508333333,
            "min": 13.9883,
            "med": 168.01005,
            "max": 402.0506,
            "p(90)": 311.58221000000003,
            "p(95)": 363.57686999999993
        },
        "data_received": {
            "count": 3825176,
            "rate": 249383.41402520335
        },
        "http_req_duration": {
            "avg": 10076.188828666664,
            "min": 2336.8937,
            "med": 11524.70105,
            "max": 13883.0532,
            "p(90)": 13594.496640000001,
            "p(95)": 13725.83329
        },
        "http_req_receiving": {
            "min": 0,
            "med": 0.45015000000000005,
            "max": 3.4822,
            "p(90)": 0.9997400000000001,
            "p(95)": 1.04015,
            "avg": 0.47282466666666656
        },
        "vus_max": {
            "max": 600,
            "value": 600,
            "min": 600
        }
    },
    "root_group": {
        "checks": {
            "200 OK": {
                "path": "::200 OK",
                "id": "e9654c443eff553da9e69eda7007924e",
                "passes": 600,
                "fails": 0,
                "name": "200 OK"
            },
            "201 Created": {
                "name": "201 Created",
                "path": "::201 Created",
                "id": "728dcd977aae263ca314731145e1d447",
                "passes": 0,
                "fails": 600
            },
            "204 No Content": {
                "id": "54fa3c2eda34e1622fda2da5e0479fc5",
                "passes": 0,
                "fails": 600,
                "name": "204 No Content",
                "path": "::204 No Content"
            },
            "400 Bad Request": {
                "name": "400 Bad Request",
                "path": "::400 Bad Request",
                "id": "eeae81934b9b58bccaf0184a6d070338",
                "passes": 0,
                "fails": 600
            },
            "401 Unauthorized": {
                "fails": 600,
                "name": "401 Unauthorized",
                "path": "::401 Unauthorized",
                "id": "6ae9254e6aefe7f0bafe5102fa7e20a5",
                "passes": 0
            },
            "403 Forbidden": {
                "name": "403 Forbidden",
                "path": "::403 Forbidden",
                "id": "655548b761742c5a7ad15aa7df3a5d9c",
                "passes": 0,
                "fails": 600
            },
            "404 Not Found": {
                "name": "404 Not Found",
                "path": "::404 Not Found",
                "id": "df1528f9925ca236bac51008f77b774a",
                "passes": 0,
                "fails": 600
            },
            "429 Too Many Requests": {
                "id": "b810c35b9499cc7342fd415032e3a6aa",
                "passes": 0,
                "fails": 600,
                "name": "429 Too Many Requests",
                "path": "::429 Too Many Requests"
            },
            "500 Internal Server Error": {
                "name": "500 Internal Server Error",
                "path": "::500 Internal Server Error",
                "id": "3cd96245b24e869810efe46d533b0eef",
                "passes": 0,
                "fails": 600
            },
            "502 Bad Gateway": {
                "name": "502 Bad Gateway",
                "path": "::502 Bad Gateway",
                "id": "712cb0ec189a11f31f0d6d0c0031b569",
                "passes": 0,
                "fails": 600
            },
            "503 Service Unavailable": {
                "name": "503 Service Unavailable",
                "path": "::503 Service Unavailable",
                "id": "f1ea1a22be0dc738c385523a66ea1cd9",
                "passes": 0,
                "fails": 600
            },
            "504 Gateway Timeout": {
                "passes": 0,
                "fails": 600,
                "name": "504 Gateway Timeout",
                "path": "::504 Gateway Timeout",
                "id": "218efb729cb654723ccd57c6ebbebe29"
            }
        },
        "name": "",
        "path": "",
        "id": "d41d8cd98f00b204e9800998ecf8427e",
        "groups": {}
    }
}