{
    "metrics": {
        "data_sent": {
            "count": 536400,
            "rate": 41966.16391191869
        },
        "http_req_sending": {
            "avg": 0.1398866666666667,
            "min": 0,
            "med": 0,
            "max": 6.0008,
            "p(90)": 0.5472100000000001,
            "p(95)": 0.5658449999999999
        },
        "iteration_duration": {
            "p(95)": 12468.957385,
            "avg": 9182.687915666658,
            "min": 2114.6567,
            "med": 9764.562699999999,
            "max": 12770.7294,
            "p(90)": 12166.88434
        },
        "http_req_duration{expected_response:true}": {
            "med": 8537.09265,
            "max": 11226.1521,
            "p(90)": 10711.49118,
            "p(95)": 10989.112435,
            "avg": 7878.479762666668,
            "min": 956.657
        },
        "http_req_waiting": {
            "max": 11225.2673,
            "p(90)": 10710.33999,
            "p(95)": 10988.258655,
            "avg": 7878.006028500007,
            "min": 955.8567,
            "med": 8536.12685
        },
        "http_reqs": {
            "count": 600,
            "rate": 46.94201779856676
        },
        "iterations": {
            "count": 600,
            "rate": 46.94201779856676
        },
        "data_received": {
            "count": 2243020,
            "rate": 175486.47460423535
        },
        "http_req_blocked": {
            "med": 281.47135000000003,
            "max": 544.2427,
            "p(90)": 481.26992,
            "p(95)": 527.491095,
            "avg": 303.33159933333326,
            "min": 94.3749
        },
        "http_req_tls_handshaking": {
            "avg": 196.08496016666678,
            "min": 15.8716,
            "med": 172.71875,
            "max": 431.748,
            "p(90)": 373.85847,
            "p(95)": 414.24749499999996
        },
        "http_req_failed": {
            "passes": 0,
            "fails": 600,
            "value": 0
        },
        "http_req_connecting": {
            "max": 38.4189,
            "p(90)": 21.17927,
            "p(95)": 22.1941,
            "avg": 17.565679333333353,
            "min": 3.3697,
            "med": 17.9335
        },
        "checks": {
            "passes": 600,
            "fails": 6600,
            "value": 0.08333333333333333
        },
        "vus": {
            "value": 94,
            "min": 94,
            "max": 600
        },
        "http_req_receiving": {
            "p(90)": 0.92032,
            "p(95)": 1.00081,
            "avg": 0.33384750000000013,
            "min": 0,
            "med": 0.23470000000000002,
            "max": 4.3051
        },
        "vus_max": {
            "value": 600,
            "min": 600,
            "max": 600
        },
        "http_req_duration": {
            "max": 11226.1521,
            "p(90)": 10711.49118,
            "p(95)": 10989.112435,
            "avg": 7878.479762666668,
            "min": 956.657,
            "med": 8537.09265
        }
    },
    "root_group": {
        "checks": {
            "200 OK": {
                "name": "200 OK",
                "path": "::200 OK",
                "id": "e9654c443eff553da9e69eda7007924e",
                "passes": 600,
                "fails": 0
            },
            "201 Created": {
                "id": "728dcd977aae263ca314731145e1d447",
                "passes": 0,
                "fails": 600,
                "name": "201 Created",
                "path": "::201 Created"
            },
            "204 No Content": {
                "id": "54fa3c2eda34e1622fda2da5e0479fc5",
                "passes": 0,
                "fails": 600,
                "name": "204 No Content",
                "path": "::204 No Content"
            },
            "400 Bad Request": {
                "id": "eeae81934b9b58bccaf0184a6d070338",
                "passes": 0,
                "fails": 600,
                "name": "400 Bad Request",
                "path": "::400 Bad Request"
            },
            "401 Unauthorized": {
                "fails": 600,
                "name": "401 Unauthorized",
                "path": "::401 Unauthorized",
                "id": "6ae9254e6aefe7f0bafe5102fa7e20a5",
                "passes": 0
            },
            "403 Forbidden": {
                "name": "403 Forbidden",
                "path": "::403 Forbidden",
                "id": "655548b761742c5a7ad15aa7df3a5d9c",
                "passes": 0,
                "fails": 600
            },
            "404 Not Found": {
                "id": "df1528f9925ca236bac51008f77b774a",
                "passes": 0,
                "fails": 600,
                "name": "404 Not Found",
                "path": "::404 Not Found"
            },
            "429 Too Many Requests": {
                "passes": 0,
                "fails": 600,
                "name": "429 Too Many Requests",
                "path": "::429 Too Many Requests",
                "id": "b810c35b9499cc7342fd415032e3a6aa"
            },
            "500 Internal Server Error": {
                "passes": 0,
                "fails": 600,
                "name": "500 Internal Server Error",
                "path": "::500 Internal Server Error",
                "id": "3cd96245b24e869810efe46d533b0eef"
            },
            "502 Bad Gateway": {
                "name": "502 Bad Gateway",
                "path": "::502 Bad Gateway",
                "id": "712cb0ec189a11f31f0d6d0c0031b569",
                "passes": 0,
                "fails": 600
            },
            "503 Service Unavailable": {
                "passes": 0,
                "fails": 600,
                "name": "503 Service Unavailable",
                "path": "::503 Service Unavailable",
                "id": "f1ea1a22be0dc738c385523a66ea1cd9"
            },
            "504 Gateway Timeout": {
                "name": "504 Gateway Timeout",
                "path": "::504 Gateway Timeout",
                "id": "218efb729cb654723ccd57c6ebbebe29",
                "passes": 0,
                "fails": 600
            }
        },
        "name": "",
        "path": "",
        "id": "d41d8cd98f00b204e9800998ecf8427e",
        "groups": {}
    }
}