{
    "metrics": {
        "http_req_duration": {
            "avg": 6128.131964799995,
            "min": 1591.7296,
            "med": 5812.8568,
            "max": 8524.479,
            "p(90)": 8277.32799,
            "p(95)": 8379.56248
        },
        "http_req_receiving": {
            "p(95)": 0.9242099999999999,
            "avg": 0.2739411999999999,
            "min": 0,
            "med": 0.13455,
            "max": 2.2919,
            "p(90)": 0.79262
        },
        "vus": {
            "value": 56,
            "min": 56,
            "max": 500
        },
        "http_reqs": {
            "count": 500,
            "rate": 48.17569158276822
        },
        "vus_max": {
            "value": 500,
            "min": 500,
            "max": 500
        },
        "iteration_duration": {
            "p(95)": 10133.419495,
            "avg": 7369.9047433999995,
            "min": 2722.2858,
            "med": 6949.4181,
            "max": 10372.6817,
            "p(90)": 9878.64328
        },
        "http_req_tls_handshaking": {
            "p(90)": 511.2453,
            "p(95)": 868.5331649999999,
            "avg": 223.75973420000005,
            "min": 7.9973,
            "med": 112.8771,
            "max": 898.3959
        },
        "http_req_blocked": {
            "avg": 240.7488354,
            "min": 25.9972,
            "med": 128.76585,
            "max": 922.3956,
            "p(90)": 535.00895,
            "p(95)": 880.5015199999999
        },
        "http_req_waiting": {
            "min": 1590.8943,
            "med": 5812.04735,
            "max": 8524.4209,
            "p(90)": 8277.12183,
            "p(95)": 8378.83775,
            "avg": 6127.718306999996
        },
        "checks": {
            "passes": 500,
            "fails": 5500,
            "value": 0.08333333333333333
        },
        "data_sent": {
            "count": 447000,
            "rate": 43069.06827499479
        },
        "http_req_connecting": {
            "p(95)": 25.0026,
            "avg": 15.85977579999996,
            "min": 1.9972,
            "med": 16.9993,
            "max": 27.0021,
            "p(90)": 25.0011
        },
        "http_req_duration{expected_response:true}": {
            "avg": 6128.131964799995,
            "min": 1591.7296,
            "med": 5812.8568,
            "max": 8524.479,
            "p(90)": 8277.32799,
            "p(95)": 8379.56248
        },
        "http_req_failed": {
            "passes": 0,
            "fails": 500,
            "value": 0
        },
        "http_req_sending": {
            "avg": 0.1397166,
            "min": 0,
            "med": 0,
            "max": 2.028,
            "p(90)": 0.55493,
            "p(95)": 0.99961
        },
        "data_received": {
            "count": 1869352,
            "rate": 180114.65082326188
        },
        "iterations": {
            "count": 500,
            "rate": 48.17569158276822
        }
    },
    "root_group": {
        "path": "",
        "id": "d41d8cd98f00b204e9800998ecf8427e",
        "groups": {},
        "checks": {
                "200 OK": {
                    "fails": 0,
                    "name": "200 OK",
                    "path": "::200 OK",
                    "id": "e9654c443eff553da9e69eda7007924e",
                    "passes": 500
                },
                "201 Created": {
                    "path": "::201 Created",
                    "id": "728dcd977aae263ca314731145e1d447",
                    "passes": 0,
                    "fails": 500,
                    "name": "201 Created"
                },
                "204 No Content": {
                    "path": "::204 No Content",
                    "id": "54fa3c2eda34e1622fda2da5e0479fc5",
                    "passes": 0,
                    "fails": 500,
                    "name": "204 No Content"
                },
                "400 Bad Request": {
                    "name": "400 Bad Request",
                    "path": "::400 Bad Request",
                    "id": "eeae81934b9b58bccaf0184a6d070338",
                    "passes": 0,
                    "fails": 500
                },
                "401 Unauthorized": {
                    "name": "401 Unauthorized",
                    "path": "::401 Unauthorized",
                    "id": "6ae9254e6aefe7f0bafe5102fa7e20a5",
                    "passes": 0,
                    "fails": 500
                },
                "403 Forbidden": {
                    "id": "655548b761742c5a7ad15aa7df3a5d9c",
                    "passes": 0,
                    "fails": 500,
                    "name": "403 Forbidden",
                    "path": "::403 Forbidden"
                },
                "404 Not Found": {
                    "passes": 0,
                    "fails": 500,
                    "name": "404 Not Found",
                    "path": "::404 Not Found",
                    "id": "df1528f9925ca236bac51008f77b774a"
                },
                "429 Too Many Requests": {
                    "name": "429 Too Many Requests",
                    "path": "::429 Too Many Requests",
                    "id": "b810c35b9499cc7342fd415032e3a6aa",
                    "passes": 0,
                    "fails": 500
                },
                "500 Internal Server Error": {
                    "name": "500 Internal Server Error",
                    "path": "::500 Internal Server Error",
                    "id": "3cd96245b24e869810efe46d533b0eef",
                    "passes": 0,
                    "fails": 500
                },
                "502 Bad Gateway": {
                    "id": "712cb0ec189a11f31f0d6d0c0031b569",
                    "passes": 0,
                    "fails": 500,
                    "name": "502 Bad Gateway",
                    "path": "::502 Bad Gateway"
                },
                "503 Service Unavailable": {
                    "name": "503 Service Unavailable",
                    "path": "::503 Service Unavailable",
                    "id": "f1ea1a22be0dc738c385523a66ea1cd9",
                    "passes": 0,
                    "fails": 500
                },
                "504 Gateway Timeout": {
                    "path": "::504 Gateway Timeout",
                    "id": "218efb729cb654723ccd57c6ebbebe29",
                    "passes": 0,
                    "fails": 500,
                    "name": "504 Gateway Timeout"
                }
            },
        "name": ""
    }
}