{
    "metrics": {
        "iteration_duration": {
            "p(90)": 4848.5994,
            "p(95)": 4961.05404,
            "avg": 3384.3723386,
            "min": 1186.1606,
            "med": 3461.8495000000003,
            "max": 5075.1262
        },
        "iterations": {
            "rate": 98.47815211971367,
            "count": 500
        },
        "http_req_waiting": {
            "p(95)": 3608.091215,
            "avg": 2176.1619644,
            "min": 120.4624,
            "med": 2237.40995,
            "max": 3855.2471,
            "p(90)": 3532.8058300000002
        },
        "http_req_failed": {
            "passes": 0,
            "fails": 500,
            "value": 0
        },
        "http_req_receiving": {
            "p(90)": 0.7888700000000001,
            "p(95)": 0.99332,
            "avg": 0.30306000000000005,
            "min": 0,
            "med": 0,
            "max": 15.9988
        },
        "http_req_sending": {
            "med": 0,
            "max": 1.1394,
            "p(90)": 0.5508099999999999,
            "p(95)": 0.6244549999999999,
            "avg": 0.15417280000000003,
            "min": 0
        },
        "data_sent": {
            "count": 461000,
            "rate": 90796.856254376
        },
        "http_req_connecting": {
            "p(95)": 14.5956,
            "avg": 9.564132200000001,
            "min": 4.0014,
            "med": 9.05025,
            "max": 27.1985,
            "p(90)": 13.0461
        },
        "http_reqs": {
            "rate": 98.47815211971367,
            "count": 500
        },
        "http_req_blocked": {
            "p(90)": 316.88034,
            "p(95)": 354.0346599999999,
            "avg": 206.84647140000013,
            "min": 44.3267,
            "med": 221.73919999999998,
            "max": 420.4361
        },
        "data_received": {
            "count": 1858198,
            "rate": 365983.8106250954
        },
        "http_req_tls_handshaking": {
            "avg": 167.29881780000017,
            "min": 14.396,
            "med": 181.44369999999998,
            "max": 386.1584,
            "p(90)": 278.00953000000004,
            "p(95)": 309.899225
        },
        "vus_max": {
            "value": 500,
            "min": 500,
            "max": 500
        },
        "http_req_duration{expected_response:true}": {
            "avg": 2176.6191972000006,
            "min": 136.4612,
            "med": 2237.6853499999997,
            "max": 3855.2471,
            "p(90)": 3532.8058300000002,
            "p(95)": 3608.091215
        },
        "checks": {
            "passes": 500,
            "fails": 5500,
            "value": 0.08333333333333333
        },
        "http_req_duration": {
            "p(95)": 3608.091215,
            "avg": 2176.6191972000006,
            "min": 136.4612,
            "med": 2237.6853499999997,
            "max": 3855.2471,
            "p(90)": 3532.8058300000002
        },
        "vus": {
            "min": 51,
            "max": 500,
            "value": 51
        }
    },
    "root_group": {
        "groups": {},
        "checks": {
                "200 OK": {
                    "name": "200 OK",
                    "path": "::200 OK",
                    "id": "e9654c443eff553da9e69eda7007924e",
                    "passes": 500,
                    "fails": 0
                },
                "201 Created": {
                    "name": "201 Created",
                    "path": "::201 Created",
                    "id": "728dcd977aae263ca314731145e1d447",
                    "passes": 0,
                    "fails": 500
                },
                "204 No Content": {
                    "name": "204 No Content",
                    "path": "::204 No Content",
                    "id": "54fa3c2eda34e1622fda2da5e0479fc5",
                    "passes": 0,
                    "fails": 500
                },
                "400 Bad Request": {
                    "name": "400 Bad Request",
                    "path": "::400 Bad Request",
                    "id": "eeae81934b9b58bccaf0184a6d070338",
                    "passes": 0,
                    "fails": 500
                },
                "401 Unauthorized": {
                    "passes": 0,
                    "fails": 500,
                    "name": "401 Unauthorized",
                    "path": "::401 Unauthorized",
                    "id": "6ae9254e6aefe7f0bafe5102fa7e20a5"
                },
                "403 Forbidden": {
                    "passes": 0,
                    "fails": 500,
                    "name": "403 Forbidden",
                    "path": "::403 Forbidden",
                    "id": "655548b761742c5a7ad15aa7df3a5d9c"
                },
                "404 Not Found": {
                    "passes": 0,
                    "fails": 500,
                    "name": "404 Not Found",
                    "path": "::404 Not Found",
                    "id": "df1528f9925ca236bac51008f77b774a"
                },
                "429 Too Many Requests": {
                    "name": "429 Too Many Requests",
                    "path": "::429 Too Many Requests",
                    "id": "b810c35b9499cc7342fd415032e3a6aa",
                    "passes": 0,
                    "fails": 500
                },
                "500 Internal Server Error": {
                    "passes": 0,
                    "fails": 500,
                    "name": "500 Internal Server Error",
                    "path": "::500 Internal Server Error",
                    "id": "3cd96245b24e869810efe46d533b0eef"
                },
                "502 Bad Gateway": {
                    "fails": 500,
                    "name": "502 Bad Gateway",
                    "path": "::502 Bad Gateway",
                    "id": "712cb0ec189a11f31f0d6d0c0031b569",
                    "passes": 0
                },
                "503 Service Unavailable": {
                    "name": "503 Service Unavailable",
                    "path": "::503 Service Unavailable",
                    "id": "f1ea1a22be0dc738c385523a66ea1cd9",
                    "passes": 0,
                    "fails": 500
                },
                "504 Gateway Timeout": {
                    "path": "::504 Gateway Timeout",
                    "id": "218efb729cb654723ccd57c6ebbebe29",
                    "passes": 0,
                    "fails": 500,
                    "name": "504 Gateway Timeout"
                }
            },
        "name": "",
        "path": "",
        "id": "d41d8cd98f00b204e9800998ecf8427e"
    }
}