{
    "metrics": {
        "vus_max": {
            "min": 1000,
            "max": 1000,
            "value": 1000
        },
        "http_req_connecting": {
            "p(95)": 43.5311,
            "avg": 30.064143400000013,
            "min": 1.999,
            "med": 30.9994,
            "max": 54.5258,
            "p(90)": 39.5312
        },
        "http_req_failed": {
            "passes": 0,
            "fails": 1000,
            "value": 0
        },
        "http_req_duration": {
            "p(90)": 10580.824560000001,
            "p(95)": 10755.122905,
            "avg": 7544.348788999997,
            "min": 524.664,
            "med": 8071.46745,
            "max": 11215.8755
        },
        "checks": {
            "passes": 1000,
            "fails": 11000,
            "value": 0.08333333333333333
        },
        "http_reqs": {
            "count": 1000,
            "rate": 80.91859566618774
        },
        "data_sent": {
            "rate": 75335.21256522079,
            "count": 931000
        },
        "data_received": {
            "count": 3724374,
            "rate": 301371.11381566233
        },
        "http_req_tls_handshaking": {
            "p(95)": 508.35265499999997,
            "avg": 262.45171469999997,
            "min": 11.9996,
            "med": 266.07145,
            "max": 609.4967,
            "p(90)": 457.56496000000004
        },
        "http_req_waiting": {
            "p(90)": 10580.273500000001,
            "p(95)": 10754.62455,
            "avg": 7543.7637793,
            "min": 459.6296,
            "med": 8071.0172,
            "max": 11215.7214
        },
        "http_req_blocked": {
            "max": 634.525,
            "p(90)": 490.99713,
            "p(95)": 542.761725,
            "avg": 296.67143089999996,
            "min": 42.0011,
            "med": 301.3662
        },
        "http_req_sending": {
            "avg": 0.13434089999999996,
            "min": 0,
            "med": 0,
            "max": 17.0164,
            "p(90)": 0.54863,
            "p(95)": 0.5666
        },
        "http_req_receiving": {
            "avg": 0.45066879999999937,
            "min": 0,
            "med": 0,
            "max": 145.2493,
            "p(90)": 0.80703,
            "p(95)": 0.9457299999999998
        },
        "vus": {
            "min": 139,
            "max": 1000,
            "value": 139
        },
        "iterations": {
            "count": 1000,
            "rate": 80.91859566618774
        },
        "iteration_duration": {
            "p(95)": 12104.099395,
            "avg": 8841.947203999995,
            "min": 1601.4423,
            "med": 9481.99845,
            "max": 12350.0963,
            "p(90)": 11908.73685
        },
        "http_req_duration{expected_response:true}": {
            "avg": 7544.348788999997,
            "min": 524.664,
            "med": 8071.46745,
            "max": 11215.8755,
            "p(90)": 10580.824560000001,
            "p(95)": 10755.122905
        }
    },
    "root_group": {
        "path": "",
        "id": "d41d8cd98f00b204e9800998ecf8427e",
        "groups": {},
        "checks": {
                "200 OK": {
                    "name": "200 OK",
                    "path": "::200 OK",
                    "id": "e9654c443eff553da9e69eda7007924e",
                    "passes": 1000,
                    "fails": 0
                },
                "201 Created": {
                    "name": "201 Created",
                    "path": "::201 Created",
                    "id": "728dcd977aae263ca314731145e1d447",
                    "passes": 0,
                    "fails": 1000
                },
                "204 No Content": {
                    "path": "::204 No Content",
                    "id": "54fa3c2eda34e1622fda2da5e0479fc5",
                    "passes": 0,
                    "fails": 1000,
                    "name": "204 No Content"
                },
                "400 Bad Request": {
                    "name": "400 Bad Request",
                    "path": "::400 Bad Request",
                    "id": "eeae81934b9b58bccaf0184a6d070338",
                    "passes": 0,
                    "fails": 1000
                },
                "401 Unauthorized": {
                    "name": "401 Unauthorized",
                    "path": "::401 Unauthorized",
                    "id": "6ae9254e6aefe7f0bafe5102fa7e20a5",
                    "passes": 0,
                    "fails": 1000
                },
                "403 Forbidden": {
                    "name": "403 Forbidden",
                    "path": "::403 Forbidden",
                    "id": "655548b761742c5a7ad15aa7df3a5d9c",
                    "passes": 0,
                    "fails": 1000
                },
                "404 Not Found": {
                    "id": "df1528f9925ca236bac51008f77b774a",
                    "passes": 0,
                    "fails": 1000,
                    "name": "404 Not Found",
                    "path": "::404 Not Found"
                },
                "429 Too Many Requests": {
                    "name": "429 Too Many Requests",
                    "path": "::429 Too Many Requests",
                    "id": "b810c35b9499cc7342fd415032e3a6aa",
                    "passes": 0,
                    "fails": 1000
                },
                "500 Internal Server Error": {
                    "name": "500 Internal Server Error",
                    "path": "::500 Internal Server Error",
                    "id": "3cd96245b24e869810efe46d533b0eef",
                    "passes": 0,
                    "fails": 1000
                },
                "502 Bad Gateway": {
                    "id": "712cb0ec189a11f31f0d6d0c0031b569",
                    "passes": 0,
                    "fails": 1000,
                    "name": "502 Bad Gateway",
                    "path": "::502 Bad Gateway"
                },
                "503 Service Unavailable": {
                    "fails": 1000,
                    "name": "503 Service Unavailable",
                    "path": "::503 Service Unavailable",
                    "id": "f1ea1a22be0dc738c385523a66ea1cd9",
                    "passes": 0
                },
                "504 Gateway Timeout": {
                    "name": "504 Gateway Timeout",
                    "path": "::504 Gateway Timeout",
                    "id": "218efb729cb654723ccd57c6ebbebe29",
                    "passes": 0,
                    "fails": 1000
                }
            },
        "name": ""
    }
}