{
    "metrics": {
        "http_req_blocked": {
            "min": 0,
            "med": 153.32920000000001,
            "max": 349.329,
            "p(90)": 262.67596000000003,
            "p(95)": 288.05762,
            "avg": 149.75919983333338
        },
        "http_req_sending": {
            "avg": 0.13702699999999998,
            "min": 0,
            "med": 0,
            "max": 12,
            "p(90)": 0.5327,
            "p(95)": 0.99671
        },
        "iterations": {
            "count": 600,
            "rate": 23.73048218761728
        },
        "http_req_duration{expected_response:true}": {
            "med": 14091.6509,
            "max": 23349.188,
            "p(90)": 21144.8231,
            "p(95)": 21983.2556,
            "avg": 13070.518556695159,
            "min": 338.0896
        },
        "vus_max": {
            "max": 600,
            "value": 600,
            "min": 600
        },
        "http_reqs": {
            "count": 600,
            "rate": 23.73048218761728
        },
        "http_req_waiting": {
            "p(90)": 23386.721240000003,
            "p(95)": 23796.662145000002,
            "avg": 13914.298158833339,
            "min": 0,
            "med": 13194.00405,
            "max": 24009.563
        },
        "http_req_duration": {
            "min": 0,
            "med": 13194.35535,
            "max": 24010.4673,
            "p(90)": 23387.623939999998,
            "p(95)": 23796.944295,
            "avg": 13914.792640166672
        },
        "http_req_receiving": {
            "p(95)": 0.999215,
            "avg": 0.3574543333333336,
            "min": 0,
            "med": 0.2218,
            "max": 9.4642,
            "p(90)": 0.9133600000000001
        },
        "data_sent": {
            "count": 497932,
            "rate": 19693.610761074415
        },
        "http_req_connecting": {
            "avg": 14.199044833333343,
            "min": 2.7419,
            "med": 14.9725,
            "max": 28.1351,
            "p(90)": 17.360850000000003,
            "p(95)": 18.0805
        },
        "http_req_failed": {
            "passes": 249,
            "fails": 351,
            "value": 0.415
        },
        "checks": {
            "passes": 562,
            "fails": 6638,
            "value": 0.07805555555555556
        },
        "http_req_tls_handshaking": {
            "med": 135.6006,
            "max": 315.2639,
            "p(90)": 240.35928,
            "p(95)": 268.2406,
            "avg": 130.28975350000007,
            "min": 0
        },
        "vus": {
            "value": 47,
            "min": 47,
            "max": 600
        },
        "data_received": {
            "count": 2136311,
            "rate": 84492.81688785144
        },
        "iteration_duration": {
            "min": 1018.7018,
            "med": 14414.88365,
            "max": 25273.7531,
            "p(90)": 24654.55326,
            "p(95)": 25022.627925,
            "avg": 15068.082448999987
        }
    },
    "root_group": {
        "name": "",
        "path": "",
        "id": "d41d8cd98f00b204e9800998ecf8427e",
        "groups": {},
        "checks": {
                "200 OK": {
                    "name": "200 OK",
                    "path": "::200 OK",
                    "id": "e9654c443eff553da9e69eda7007924e",
                    "passes": 351,
                    "fails": 249
                },
                "201 Created": {
                    "name": "201 Created",
                    "path": "::201 Created",
                    "id": "728dcd977aae263ca314731145e1d447",
                    "passes": 0,
                    "fails": 600
                },
                "204 No Content": {
                    "id": "54fa3c2eda34e1622fda2da5e0479fc5",
                    "passes": 0,
                    "fails": 600,
                    "name": "204 No Content",
                    "path": "::204 No Content"
                },
                "400 Bad Request": {
                    "fails": 600,
                    "name": "400 Bad Request",
                    "path": "::400 Bad Request",
                    "id": "eeae81934b9b58bccaf0184a6d070338",
                    "passes": 0
                },
                "401 Unauthorized": {
                    "name": "401 Unauthorized",
                    "path": "::401 Unauthorized",
                    "id": "6ae9254e6aefe7f0bafe5102fa7e20a5",
                    "passes": 0,
                    "fails": 600
                },
                "403 Forbidden": {
                    "name": "403 Forbidden",
                    "path": "::403 Forbidden",
                    "id": "655548b761742c5a7ad15aa7df3a5d9c",
                    "passes": 0,
                    "fails": 600
                },
                "404 Not Found": {
                    "id": "df1528f9925ca236bac51008f77b774a",
                    "passes": 0,
                    "fails": 600,
                    "name": "404 Not Found",
                    "path": "::404 Not Found"
                },
                "429 Too Many Requests": {
                    "name": "429 Too Many Requests",
                    "path": "::429 Too Many Requests",
                    "id": "b810c35b9499cc7342fd415032e3a6aa",
                    "passes": 0,
                    "fails": 600
                },
                "500 Internal Server Error": {
                    "passes": 211,
                    "fails": 389,
                    "name": "500 Internal Server Error",
                    "path": "::500 Internal Server Error",
                    "id": "3cd96245b24e869810efe46d533b0eef"
                },
                "502 Bad Gateway": {
                    "name": "502 Bad Gateway",
                    "path": "::502 Bad Gateway",
                    "id": "712cb0ec189a11f31f0d6d0c0031b569",
                    "passes": 0,
                    "fails": 600
                },
                "503 Service Unavailable": {
                    "path": "::503 Service Unavailable",
                    "id": "f1ea1a22be0dc738c385523a66ea1cd9",
                    "passes": 0,
                    "fails": 600,
                    "name": "503 Service Unavailable"
                },
                "504 Gateway Timeout": {
                    "name": "504 Gateway Timeout",
                    "path": "::504 Gateway Timeout",
                    "id": "218efb729cb654723ccd57c6ebbebe29",
                    "passes": 0,
                    "fails": 600
                }
            }
    }
}