{
    "metrics": {
        "vus_max": {
            "min": 700,
            "max": 700,
            "value": 700
        },
        "http_req_receiving": {
            "min": 0,
            "med": 0,
            "max": 1.1133,
            "p(90)": 0.6689900000000001,
            "p(95)": 0.8754599999999998,
            "avg": 0.17328514285714278
        },
        "iteration_duration": {
            "p(95)": 3704.0763650000004,
            "avg": 2238.1593702857135,
            "min": 1068.081,
            "med": 2052.6674,
            "max": 3822.0824,
            "p(90)": 3550.51685
        },
        "data_received": {
            "count": 2321258,
            "rate": 606851.3986108595
        },
        "http_reqs": {
            "count": 700,
            "rate": 183.00248357899108
        },
        "http_req_waiting": {
            "p(90)": 2235.6303500000004,
            "p(95)": 2358.751375,
            "avg": 1003.369070857143,
            "min": 0,
            "med": 922.1,
            "max": 2463.1507
        },
        "http_req_failed": {
            "passes": 223,
            "fails": 477,
            "value": 0.31857142857142856
        },
        "checks": {
            "passes": 477,
            "fails": 7923,
            "value": 0.05678571428571429
        },
        "http_req_blocked": {
            "p(95)": 334.3906999999999,
            "avg": 147.05954328571437,
            "min": 0,
            "med": 154.34205,
            "max": 398.3411,
            "p(90)": 307.44480000000004
        },
        "http_req_connecting": {
            "avg": 25.792042142857166,
            "min": 12.843,
            "med": 28.6341,
            "max": 45.1328,
            "p(90)": 31.3387,
            "p(95)": 31.3491
        },
        "vus": {
            "min": 199,
            "max": 700,
            "value": 199
        },
        "http_req_tls_handshaking": {
            "max": 336.2912,
            "p(90)": 252.30956000000006,
            "p(95)": 278.712645,
            "avg": 110.06722371428577,
            "min": 0,
            "med": 101.38284999999999
        },
        "data_sent": {
            "rate": 110237.55892255144,
            "count": 421668
        },
        "http_req_duration{expected_response:true}": {
            "avg": 1472.9136664570237,
            "min": 641.0853,
            "med": 1409.0671,
            "max": 2463.8059,
            "p(90)": 2323.52316,
            "p(95)": 2394.82914
        },
        "iterations": {
            "count": 700,
            "rate": 183.00248357899108
        },
        "http_req_sending": {
            "max": 5.7978,
            "p(90)": 0.99791,
            "p(95)": 1.0004,
            "avg": 0.1430995714285715,
            "min": 0,
            "med": 0
        },
        "http_req_duration": {
            "med": 922.45335,
            "max": 2463.8059,
            "p(90)": 2236.4210000000003,
            "p(95)": 2358.751375,
            "avg": 1003.685455571429,
            "min": 0
        }
    },
    "root_group": {
        "name": "",
        "path": "",
        "id": "d41d8cd98f00b204e9800998ecf8427e",
        "groups": {},
        "checks": {
                "200 OK": {
                    "name": "200 OK",
                    "path": "::200 OK",
                    "id": "e9654c443eff553da9e69eda7007924e",
                    "passes": 477,
                    "fails": 223
                },
                "201 Created": {
                    "passes": 0,
                    "fails": 700,
                    "name": "201 Created",
                    "path": "::201 Created",
                    "id": "728dcd977aae263ca314731145e1d447"
                },
                "204 No Content": {
                    "fails": 700,
                    "name": "204 No Content",
                    "path": "::204 No Content",
                    "id": "54fa3c2eda34e1622fda2da5e0479fc5",
                    "passes": 0
                },
                "400 Bad Request": {
                    "passes": 0,
                    "fails": 700,
                    "name": "400 Bad Request",
                    "path": "::400 Bad Request",
                    "id": "eeae81934b9b58bccaf0184a6d070338"
                },
                "401 Unauthorized": {
                    "name": "401 Unauthorized",
                    "path": "::401 Unauthorized",
                    "id": "6ae9254e6aefe7f0bafe5102fa7e20a5",
                    "passes": 0,
                    "fails": 700
                },
                "403 Forbidden": {
                    "id": "655548b761742c5a7ad15aa7df3a5d9c",
                    "passes": 0,
                    "fails": 700,
                    "name": "403 Forbidden",
                    "path": "::403 Forbidden"
                },
                "404 Not Found": {
                    "id": "df1528f9925ca236bac51008f77b774a",
                    "passes": 0,
                    "fails": 700,
                    "name": "404 Not Found",
                    "path": "::404 Not Found"
                },
                "429 Too Many Requests": {
                    "name": "429 Too Many Requests",
                    "path": "::429 Too Many Requests",
                    "id": "b810c35b9499cc7342fd415032e3a6aa",
                    "passes": 0,
                    "fails": 700
                },
                "500 Internal Server Error": {
                    "id": "3cd96245b24e869810efe46d533b0eef",
                    "passes": 0,
                    "fails": 700,
                    "name": "500 Internal Server Error",
                    "path": "::500 Internal Server Error"
                },
                "502 Bad Gateway": {
                    "path": "::502 Bad Gateway",
                    "id": "712cb0ec189a11f31f0d6d0c0031b569",
                    "passes": 0,
                    "fails": 700,
                    "name": "502 Bad Gateway"
                },
                "503 Service Unavailable": {
                    "fails": 700,
                    "name": "503 Service Unavailable",
                    "path": "::503 Service Unavailable",
                    "id": "f1ea1a22be0dc738c385523a66ea1cd9",
                    "passes": 0
                },
                "504 Gateway Timeout": {
                    "name": "504 Gateway Timeout",
                    "path": "::504 Gateway Timeout",
                    "id": "218efb729cb654723ccd57c6ebbebe29",
                    "passes": 0,
                    "fails": 700
                }
            }
    }
}