{
    "metrics": {
        "http_req_sending": {
            "avg": 0.1616052,
            "min": 0,
            "med": 0,
            "max": 2.5386,
            "p(90)": 0.55274,
            "p(95)": 0.5756199999999989
        },
        "iteration_duration": {
            "p(90)": 5589.661980000001,
            "p(95)": 5691.884785,
            "avg": 4197.822127399999,
            "min": 1297.2588,
            "med": 4677.42765,
            "max": 5768.883
        },
        "http_req_duration{expected_response:true}": {
            "avg": 2992.523831200003,
            "min": 246.003,
            "med": 3431.3981000000003,
            "max": 4556.2911,
            "p(90)": 4350.70297,
            "p(95)": 4410.41183
        },
        "http_req_connecting": {
            "max": 33.5357,
            "p(90)": 12.49169,
            "p(95)": 13.041735,
            "avg": 9.932786999999989,
            "min": 2.2999,
            "med": 10.1646
        },
        "vus_max": {
            "min": 500,
            "max": 500,
            "value": 500
        },
        "vus": {
            "value": 222,
            "min": 222,
            "max": 500
        },
        "http_req_receiving": {
            "avg": 0.3167400000000001,
            "min": 0,
            "med": 0.07819999999999999,
            "max": 8.6544,
            "p(90)": 0.8030300000000002,
            "p(95)": 0.9589449999999992
        },
        "http_req_waiting": {
            "p(95)": 4410.41183,
            "avg": 2992.0454860000027,
            "min": 244.9843,
            "med": 3431.05085,
            "max": 4556.2911,
            "p(90)": 4350.70297
        },
        "checks": {
            "passes": 500,
            "fails": 5500,
            "value": 0.08333333333333333
        },
        "data_sent": {
            "count": 451000,
            "rate": 78096.82166888614
        },
        "http_req_tls_handshaking": {
            "p(90)": 316.71952,
            "p(95)": 357.45639499999993,
            "avg": 168.11995420000014,
            "min": 12.7192,
            "med": 154.53105,
            "max": 375.5699
        },
        "http_req_duration": {
            "avg": 2992.523831200003,
            "min": 246.003,
            "med": 3431.3981000000003,
            "max": 4556.2911,
            "p(90)": 4350.70297,
            "p(95)": 4410.41183
        },
        "http_req_failed": {
            "passes": 0,
            "fails": 500,
            "value": 0
        },
        "data_received": {
            "count": 2021962,
            "rate": 350130.38965690543
        },
        "http_reqs": {
            "count": 500,
            "rate": 86.58184220497354
        },
        "iterations": {
            "count": 500,
            "rate": 86.58184220497354
        },
        "http_req_blocked": {
            "p(95)": 393.86415,
            "avg": 204.2957103999998,
            "min": 43.503,
            "med": 189.9767,
            "max": 412.65,
            "p(90)": 356.63274
        }
    },
    "root_group": {
        "id": "d41d8cd98f00b204e9800998ecf8427e",
        "groups": {},
        "checks": {
                "200 OK": {
                    "id": "e9654c443eff553da9e69eda7007924e",
                    "passes": 500,
                    "fails": 0,
                    "name": "200 OK",
                    "path": "::200 OK"
                },
                "201 Created": {
                    "path": "::201 Created",
                    "id": "728dcd977aae263ca314731145e1d447",
                    "passes": 0,
                    "fails": 500,
                    "name": "201 Created"
                },
                "204 No Content": {
                    "name": "204 No Content",
                    "path": "::204 No Content",
                    "id": "54fa3c2eda34e1622fda2da5e0479fc5",
                    "passes": 0,
                    "fails": 500
                },
                "400 Bad Request": {
                    "fails": 500,
                    "name": "400 Bad Request",
                    "path": "::400 Bad Request",
                    "id": "eeae81934b9b58bccaf0184a6d070338",
                    "passes": 0
                },
                "401 Unauthorized": {
                    "name": "401 Unauthorized",
                    "path": "::401 Unauthorized",
                    "id": "6ae9254e6aefe7f0bafe5102fa7e20a5",
                    "passes": 0,
                    "fails": 500
                },
                "403 Forbidden": {
                    "name": "403 Forbidden",
                    "path": "::403 Forbidden",
                    "id": "655548b761742c5a7ad15aa7df3a5d9c",
                    "passes": 0,
                    "fails": 500
                },
                "404 Not Found": {
                    "name": "404 Not Found",
                    "path": "::404 Not Found",
                    "id": "df1528f9925ca236bac51008f77b774a",
                    "passes": 0,
                    "fails": 500
                },
                "429 Too Many Requests": {
                    "name": "429 Too Many Requests",
                    "path": "::429 Too Many Requests",
                    "id": "b810c35b9499cc7342fd415032e3a6aa",
                    "passes": 0,
                    "fails": 500
                },
                "500 Internal Server Error": {
                    "name": "500 Internal Server Error",
                    "path": "::500 Internal Server Error",
                    "id": "3cd96245b24e869810efe46d533b0eef",
                    "passes": 0,
                    "fails": 500
                },
                "502 Bad Gateway": {
                    "name": "502 Bad Gateway",
                    "path": "::502 Bad Gateway",
                    "id": "712cb0ec189a11f31f0d6d0c0031b569",
                    "passes": 0,
                    "fails": 500
                },
                "503 Service Unavailable": {
                    "name": "503 Service Unavailable",
                    "path": "::503 Service Unavailable",
                    "id": "f1ea1a22be0dc738c385523a66ea1cd9",
                    "passes": 0,
                    "fails": 500
                },
                "504 Gateway Timeout": {
                    "name": "504 Gateway Timeout",
                    "path": "::504 Gateway Timeout",
                    "id": "218efb729cb654723ccd57c6ebbebe29",
                    "passes": 0,
                    "fails": 500
                }
            },
        "name": "",
        "path": ""
    }
}